Categoria,Codigo,ProductoCorto,Precio,FotoListaSN
Plomeria,12961,Abrazadera importada tipo perforada (rango de ajuste de 10 a 16 mm),"$ 1.000,00",
Plomeria,12962,Abrazadera importada tipo perforada (rango de ajuste de 12 a 20 mm),"$ 1.100,00",
Plomeria,12963,Abrazadera importada tipo perforada (rango de ajuste de 16 a 25 mm),"$ 1.200,00",
Plomeria,12965,Abrazadera importada tipo perforada (rango de ajuste de 32 a 50 mm),"$ 1.400,00",
Plomeria,12966,Abrazadera importada tipo perforada (rango de ajuste de 40 a 60 mm),"$ 1.600,00",
Lubricantes y Quimica,10016,"Aceite lubricante y aflojatodo en aerosol MT-OIL de 250 cm³, similar a WD-40","$ 5.300,00",
Lubricantes y Quimica,15570,Acido muriático Cauchet Hobbs x 1 litro,"$ 4.500,00",
Plomeria,20666,Acople mecanico Dresser blanco para caño de polipropileno (PPP) de 3/4x3/4,"$ 3.200,00",
Plomeria,20665,Acople mecánico Dresser blanco para caño de polipropileno (PPP) de 1/2x1/2,"$ 2.300,00",
Electricidad,60150,Adaptador de enchufe universal para viaje / turista,"$ 3.000,00",
Electricidad,40084,Adaptador eléctrico de 3 a 2 patas Indelplas,"$ 800,00",
Adhesivos y selladores,11820,Adhesivo instantáneo Macao de 3 gramos en blister cerrado,"$ 2.000,00",
Adhesivos y selladores,11822,Adhesivo instantáneo Tacsa Súper Gel Plus 3g,"$ 3.500,00",
Adhesivos y selladores,10035,Adhesivo para caños y conexiones de PVC de 60 cc.,"$ 2.500,00",
Pintureria,AGUA1.2LT,Aguaras x 1/2 Litro,"$ 3.000,00",
Materiales de obra,10043,Alambre recocido N° 17 para atar,"$ 6.300,00",
Herramientas,12112,Alicate de corte India con mango aislado de 6,"$ 5.000,00",
Herramientas,10084,Alicate de corte oblicuo Rottweiler de 6,"$ 9.500,00",
Seguridad y EPP,15702,Anteojo de seguridad de policarbonato negro para soldar regulable,"$ 3.500,00",
Seguridad y EPP,15699,Anteojo de seguridad de policarbonato transparente regulable,"$ 2.700,00",
Seguridad y EPP,15488,Antiparra de seguridad de silicona reforzada,"$ 3.200,00",
Plomeria,60295,Arandela conica T-66 para descarga de mochila de baño,"$ 1.500,00",
Plomeria,20014,Arandela de goma para agua de 1/2,"$ 200,00",
Plomeria,20015,Arandela de goma para agua de 3/4,"$ 350,00",
Plomeria,30038,Arandela de goma plana de 1/2 para flexible de gas,"$ 150,00",
Herramientas,10094,Arco de sierra grande metálico profesional con hoja flexible negra,"$ 7.500,00",
Plomeria,20590,Aro de goma de desvío para desplazar inodoro,"$ 1.700,00",
Plomeria,20036,Aro de goma para base de inodoro,"$ 1.500,00",
Plomeria,20043,Asiento para inodoro plástico MTZ reforzado,"$ 16.500,00",
Materiales de obra,10124,Balde de Albañil Negro Económico (10 Litros),"$ 3.700,00",
Pintureria,BARN1LT,Barnis marino brillante Fadepa x 1Lt,"$ 13.000,00",
Adhesivos y selladores,10128,Barrita encoladora de silicona fina,"$ 500,00",
Electricidad,40340,Bastidor TAAD para llave de embutir,"$ 1.500,00",
Cerrajeria y herrajes,10144,Bisagra tipo libro 5005 de 2 pulgadas (51 mm),"$ 1.500,00",
Herramientas,BOC3,Bocallaves magnéticas N° 3 de 3/8,"$ 1.500,00",
Herramientas,BOC4,Bocallaves magnéticas N° 4 de 7/16,"$ 1.700,00",
Plomeria,20730,Boton lateral Largo con brazo para mochila de baño,"$ 3.600,00",
Plomeria,20731,Boton superior Corto para mochila o depósito de inodoro,"$ 3.600,00",
Plomeria,20053,Boya plastica chata para flotante de depósito de baño,"$ 1.000,00",
Plomeria,20054,Boya plástica de 3/4 para flotante de tanque de agua,"$ 2.200,00",
Plomeria,20082,Boya u obturador universal siliconado Felma para depósito de embutir,"$ 4.200,00",
Fijaciones y buloneria,13028,Broca o mecha escalonada Rottweiler de 4 a 32 mm,"$ 17.000,00",
Fijaciones y buloneria,13026,Broca o mecha escalonada de 4 a 12 mm,"$ 8.000,00",
Fijaciones y buloneria,13027,Broca o mecha escalonada de 4 a 20 mm,"$ 11.000,00",
Gas,30707,Cabeza o cabezal regulador de gas envasado de 10/15 kg (sin manguera),"$ 10.000,00",
Electricidad,CabArm2,"Cable Armado para Calefón Eléctrico de 1,5 Metro","$ 6.200,00",
Electricidad,CabArm3,Cable Armado para Calefón Eléctrico de 3 Metros,"$ 9.500,00",
Electricidad,41215,"Cable Bipolar Paralelo de 2 x 1,5 mm²","$ 1.200,00",
Electricidad,41440,Cable Canal 14 mm x 7 mm con Adhesivo TAAD,"$ 2.500,00",
Electricidad,41441,Cable Canal 18 mm x 21 mm con Adhesivo TAAD,"$ 4.000,00",
Electricidad,41442,Cable Canal 20 mm x 10 mm con Adhesivo TAAD,"$ 3.000,00",
Electricidad,41315,"Cable Tipo Taller (TPR) de 2 x 1,5 mm²","$ 1.800,00",
Electricidad,41115,"Cable Unipolar de 1,5 mm²","$ 800,00",
Electricidad,41125,"Cable Unipolar de 2,5 mm²","$ 1.200,00",
Electricidad,60271,Caja Plastica Octogonal para Embutir,"$ 700,00",
Electricidad,60270,Caja Plastica Rectangular para Embutir,"$ 800,00",
Electricidad,41622,Caja de Chapa Mignon para Embutir,"$ 600,00",
Electricidad,41621,Caja de Chapa Octogonal para Embutir,"$ 600,00",
Electricidad,41620,Caja de Chapa Rectangular para Embutir,"$ 600,00",
Electricidad,41601,Caja de Embutir para Térmica de 2 a 4 Módulos,"$ 3.500,00",
Fijaciones y buloneria,15723,Caja de grampas para engrampadora manual marca Onza de 14 mm x 1000 unidades,"$ 2.500,00",
Plomeria,30115,Calefon Eléctrico Plástico de 25 Litros con Resistencia de Aluminio marca LG,"$ 16.800,00",
Electricidad,30139,Calentador Eléctrico N° 17,"$ 13.600,00",
Electricidad,30132,Calentador Eléctrico de Inmersión con Mango Plástico,"$ 4.000,00",
Electricidad,31005,Caloventor Eléctrico de 2000 W,"$ 37.001,00",
Cerrajeria y herrajes,11709,Candado Dorado Macao N° 25,"$ 2.500,00",
Cerrajeria y herrajes,11713,Candado Dorado Macao N° 38,"$ 4.200,00",
Cerrajeria y herrajes,11826,Candado Dorado N° 50,"$ 5.500,00",
Plomeria,20150,Canilla Doble para Lavarropas Plástica,"$ 5.100,00",
Plomeria,20155,Canilla Esférica Plástica de 1/2 de Medio Giro,"$ 3.000,00",
Plomeria,20141,Canilla aluminio bronceada de 1/2,"$ 6.500,00",
Plomeria,20139,Canilla de Bronce de 1/2 con Manga para Manguera,"$ 30.501,00",
Plomeria,20166,Caucho de Válvula de Canilla de 1/2. (cueritos),"$ 300,00",
Varios,20173,Caucho para Pistón de Plástico N° 1,"$ 600,00",
Varios,20175,Caucho para Pistón de Surtidor / Alta Presión,"$ 999,00",
Varios,10258,Caño de Cortina de Hierro Dorado Reforzado de 1/2,"$ 2.000,00",
Varios,50215,Cebo cucarachicida en gel jeringa Geltek por 6 gramos,"$ 4.500,00",
Varios,50220,Cebo hormiguicida en gel jeringa Geltek por 6 gramos,"$ 4.500,00",
Adhesivos y selladores,17202,Cemento de Contacto Congo de 250 ml / 250 gr,"$ 6.000,00",
Adhesivos y selladores,17200,Cemento de Contacto Gali en Pomo de 50 cc,"$ 3.000,00",
Herramientas,10282,Cepillo de Alambre de Acero con Mango Plástico Amarillo de 4 x 19 hileras,"$ 3.100,00",
Cerrajeria y herrajes,16101,Cerradura Prive 101 para Puerta Placa,"$ 11.700,00",
Cerrajeria y herrajes,16200,Cerradura manual Prive 200,"$ 25.000,00",
Plomeria,20287,Chicote Plástico de 1/2 x 30 cm marca LG,"$ 1.500,00",
Plomeria,20288,Chicote Plástico de 1/2 x 40 cm marca LG,"$ 2.000,00",
Plomeria,20289,Chicote Plástico de 1/2 x 50 cm marca LG,"$ 2.500,00",
Varios,CHISP,Chispero Encendedor de Cocina Recargable Macao,"$ 3.400,00",
Electricidad,41400,Cinta Aisladora de PVC Tacsa de 10 Metros - Negra,"$ 1.800,00",
Plomeria,13210,Cinta Destapa Caño Plastico 10 Mts El Abuelo,"$ 11.000,00",
Adhesivos y selladores,10323,Cinta Doble Faz Acolchada de 18 mm x 3 Metros,"$ 2.300,00",
Herramientas,11743,Cinta Metrica Metálica con Freno de 10 Metros (Línea Económica ST),"$ 6.500,00",
Herramientas,11737,Cinta Metrica Metálica con Freno de 5 Metros (Línea Económica ST),"$ 3.200,00",
Adhesivos y selladores,60265,Cinta de Embalar Transparente Macao de 48 mm x 40 Metros,"$ 1.300,00",
Pintureria,11924,Cinta de Enmascarar / Pintor Doble A de 12 mm x 40 Metros,"$ 2.600,00",
Pintureria,11926,Cinta de Enmascarar / Pintor Doble A de 24 mm x 40 Metros,"$ 5.000,00",
Pintureria,11950,Cinta de Papel Azul de Enmascarar Obra UV 900 Doble A de 18 mm x 40 Metros,"$ 5.100,00",
Fijaciones y buloneria,13051,Clavo punta Paris 1 - 25 mm,"$ 10,00",
Fijaciones y buloneria,13053,Clavo punta Paris 2 - 50 mm,"$ 30,00",
Fijaciones y buloneria,13055,Clavo punta Paris 3 - 75 mm,"$ 100,00",
Fijaciones y buloneria,60299,Clavo punta chata 8 X 20 mm,"$ 10,00",
Fijaciones y buloneria,60310,Clavo punta chata 9 X 30 mm,"$ 10,00",
Plomeria,21001,Codo polipropileno 90 HH 1/2,"$ 350,00",
Plomeria,21002,Codo polipropileno 90 HH 3/4,"$ 550,00",
Adhesivos y selladores,17103,Cola vinilica Congo 500 gr,"$ 5.000,00",
Gas,30229,Conexion malla de 30 cm,"$ 5.700,00",
Gas,30232,Conexion malla de 60 cm,"$ 7.500,00",
Gas,30241,Cono de goma p/regulador garrafa de 10 kg,"$ 200,00",
Herramientas,12940,Corta hierro 25 cm reforzado,"$ 8.500,00",
Varios,11995,Cortina de baño doble c/ ganchitos,"$ 7.500,00",
Materiales de obra,10344,Crucetas separador ceramica 2 mm x 150 u.,"$ 2.000,00",
Materiales de obra,10348,Crucetas separador ceramica 5 mm x 100 u.,"$ 2.200,00",
Herramientas,10395,Cuchara n° 7 p/albañil,"$ 4.500,00",
Plomeria,20211,Cuero de manga de 1/2,"$ 200,00",
Plomeria,20204,Cuero de válvula de canilla 1/2,"$ 150,00",
Plomeria,21016,Cupla polipropileno HH 1/2,"$ 350,00",
Plomeria,21017,Cupla polipropileno HH 3/4,"$ 500,00",
Varios,11940,Cutter plastico,"$ 650,00",
Plomeria,60294,Descarga mochila completa c/ flapper universal,"$ 7.500,00",
Lubricantes y Quimica,15560,Destapa cañerias aprobado x 1 l. Cauchet Hobbs,"$ 3.500,00",
Herramientas,10408,Destornillador buscapolo,"$ 2.500,00",
Herramientas,13460,Destornillador philips 3 x 75 Kettler,"$ 3.000,00",
Herramientas,13462,Destornillador philips 5 x 100 Kettler,"$ 4.000,00",
Herramientas,13471,Destornillador plano 4 x 100 Kettler,"$ 3.500,00",
Herramientas,10466,Disco copa rueda diamantada de desbaste segmentada roja 115 mm para cemento y hormigón,"$ 17.500,00",
Materiales de obra,10441,Disco de lija con velcro 115 mm - grano 80,"$ 500,00",
Materiales de obra,10450,Disco diamanatado p/ madera 115 mm Rottweiler,"$ 11.250,00",
Materiales de obra,11631,Disco diamantado Yard 115 mm continuo,"$ 5.600,00",
Materiales de obra,11629,Disco diamantado Yard 115 mm segmentado,"$ 6.500,00",
Materiales de obra,60275,Disco flap Oxido de Aluminio Rottweiler 115 mm gr. 80,"$ 1.800,00",
Materiales de obra,10460,Disco oxido de aluminio plano 115 x 1 mm Lacatus,"$ 800,00",
Materiales de obra,10468,Disco para vidrio diamantado 115 mm verde,"$ 8.100,00",
Varios,20636,Duchador cromado de mano completo,"$ 10.500,00",
Materiales de obra,12188,"Electrodo punta azul E6013 2,0 mm Rottweiler","$ 200,00",
Materiales de obra,12189,"Electrodo punta azul E6013 2,5 mm Rottweiler","$ 200,00",
Pintureria,ENDULUS,Enduido imterior exterior x 1Lt. LUSQTOFF,"$ 7.000,00",
Herramientas,15710,Engrampadora metálica manual regulable de 4 a 14 mm,"$ 12.700,00",
Cerrajeria y herrajes,10480,Enrollador para cinta de persiana de 4 metros zincado reforzado,"$ 12.600,00",
Cerrajeria y herrajes,10481,Enrollador para cinta de persiana de 6 metros zincado reforzado,"$ 15.000,00",
Pintureria,12260,Espatula de acero con cabo de madera de 1 pulgada (25 mm) EisenPro,"$ 1.200,00",
Pintureria,10583,Espatula de acero con mango engomado ergonómico de 2 pulgadas (50 mm) EisenPro,"$ 1.500,00",
Pintureria,10585,Espatula de acero con mango engomado ergonómico de 3 pulgadas (75 mm) Eisen Pro,"$ 1.800,00",
Pintureria,10586,Espatula de acero con mango engomado ergonómico de 4 pulgadas (100 mm) Eisen Pro,"$ 2.000,00",
Pintureria,ESP180CL,Espatula para enduir de acero con cabo largo de madera de 7 pulgadas (180 mm) Santa Juana,"$ 9.000,00",
Adhesivos y selladores,12321,Espuma de poliuretano expandido en aerosol por 480g / 500 ml con pico aplicador,"$ 6.500,00",
Varios,30328,Estufa electrica de cuarzo horizontal de 1200W Tilcara con soporte para pared y piso,"$ 25.000,00",
Varios,30327,Estufa electrica de cuarzo vertical de 1200W Tilcara con base circular de piso,"$ 23.001,00",
Electricidad,40089,Ficha aerea hembra de 3 patas planas económica de 10 A,"$ 1.000,00",
Electricidad,40087,Ficha aerea macho de 3 patas planas económica de 10 A,"$ 1.000,00",
Electricidad,40009,Ficha hembra de baquelita para calefón y plancha de 10 A Indelplas,"$ 1.100,00",
Plomeria,10553,Filtro colador de acero inoxidable hundido para sopapa de pileta de cocina con borde flexible rojo,"$ 2.150,00",
Plomeria,15461,Filtro plástico anti-insectos para rejilla de desagüe de 12 x 12 cm Geltek,"$ 2.200,00",
Plomeria,15460,Filtro plástico anti-insectos para rejilla de desagüe de 8 x 8 cm Geltek,"$ 1.800,00",
Plomeria,20193,Flexible Bonomini 75 cm plastico (cocina),"$ 2.500,00",
Plomeria,20194,Flexible Bonomini - cromada- 75 cm plastico (cocina),"$ 10.600,00",
Plomeria,20259,Flexible de Acero Inoxidable para Agua de 1/2 x 30 cm,"$ 8.500,00",
Plomeria,20261,Flexible de Acero Inoxidable para Agua de 1/2 x 50 cm,"$ 9.700,00",
Plomeria,20267,Flexible de Acero Inoxidable para Agua de 3/4 x 30 cm (Paso Grande),"$ 11.500,00",
Gas,30248,Flexible gas aprobado extensible 1/2 20 a 42 cm,"$ 18.000,00",
Plomeria,20191,Flexible para bidet 13 a 20 cm 40 x 40 plastico,"$ 2.100,00",
Plomeria,20347,Flor lluvia movil grande redonda con brazo plastico,"$ 11.000,00",
Herramientas,10563,Fratacho de madera de pino para albañilería de 12 cm x 30 cm (Talocha),"$ 2.185,00",
Herramientas,11862,Fratacho de madera dura tipo algarrobo para albañilería de 12 cm x 35 cm,"$ 8.400,00",
Herramientas,10578,Fratacho plástico para albañilería de 30 cm,"$ 2.250,00",
Plomeria,20645,Fuelle conexion articulado para mochila Wada,"$ 4.500,00",
Plomeria,20179,Fuelle conexion de goma Esquel Corto para inodoro,"$ 1.500,00",
Plomeria,20180,Fuelle conexion de goma Esquel Largo para inodoro,"$ 1.800,00",
Plomeria,20183,Fuelle conexion inodoro / mochila corto,"$ 1.800,00",
Fijaciones y buloneria,10635,Grampa de fijacion para lavatorio de colgar / Soporte metálico grande para bacha,"$ 650,00",
Plomeria,10613,Grampa tipo Omega metálica de 1/2 (pulgada) para fijación de caños eléctricos o de agua,"$ 200,00",
Lubricantes y Quimica,30367,Grasa de litio roja lubricante en aerosol de 240 ml (Protección Extrema),"$ 3.350,00",
Lubricantes y Quimica,30363,Grasa grafitada de alta resistencia en pomo de 40 gramos,"$ 2.000,00",
Seguridad y EPP,15580,Guante de algodon tejido moteado reforzado marca LG con grip de PVC antideslizante,"$ 1.000,00",
Seguridad y EPP,10645,Guante de latex negro reforzado uso industrial pesado - Talle L,"$ 3.400,00",
Seguridad y EPP,10644,"Guante de protección industrial bicolor rojo y negro con recubrimiento de PVC, dorso ventilado y puño elástico/tejido","$ 2.100,00",
Varios,10664,Hilo piolín de algodón Nº 27 en ovillo de 50 gramos,"$ 1.100,00",
Varios,10803,Hoja de lija al agua Köln Grano extra fino N° 1000,"$ 700,00",
Varios,10801,Hoja de lija al agua Köln Grano fino N° 360,"$ 700,00",
Varios,10794,Hoja de lija al agua Köln - Grano grueso/medio N° 120,"$ 700,00",
Varios,10796,Hoja de lija al agua Köln Grano medio N° 180,"$ 700,00",
Varios,10797,Hoja de lija al agua Köln Grano medio N° 220,"$ 700,00",
Varios,10745,Hoja de lija para madera y seco Köln - Grano extra grueso N° 40,"$ 600,00",
Varios,10748,Hoja de lija para madera y seco Köln Grano grueso N° 80,"$ 600,00",
Varios,10751,Hoja de lija para madera y seco Köln - Grano medio N° 150,"$ 600,00",
Herramientas,ARF24,Hoja de sierra de mano Bahco Sandflex Bimetal de 12 - 24 dientes por pulgada (DDP),"$ 1.300,00",
Herramientas,10684,Hoja de sierra mini / Junior de 6 (150 mm) para metales y plásticos,"$ 750,00",
Varios,10755,Hoja de tela esmeril Köln Grano extra grueso N° 40,"$ 1.200,00",
Varios,10758,Hoja de tela esmeril Köln - Grano grueso N° 80,"$ 1.200,00",
Varios,10762,Hoja de tela esmeril Köln Grano medio N° 180,"$ 1.200,00",
Herramientas,TJSBT111C,Hoja para sierra caladora MADERA,"$ 1.500,00",
Plomeria,20317,Inserto / adaptador plástico estriado para volante de canilla cuadrado (Repuesto Universal),"$ 150,00",
Plomeria,20316,"Inserto / adaptador plástico para volante de canilla, modelo estriado de línea gruesa (Repuesto Universal)","$ 150,00",
Herramientas,15485,Juego de Cepillos de Bronce Rizado para Taladro por 3 Piezas (En Blíster),"$ 6.000,00",
Fijaciones y buloneria,13060,"Juego de brocas o mechas para termofusión por 3 medidas (20, 25 y 32 mm)","$ 19.300,00",
Herramientas,11850,"Juego de herramientas mecánicas de 40 piezas con llave crique reversible, tubos milimétricos/pulgadas con encastre de 1/4 y 3/8","$ 13.500,00",
Cerrajeria y herrajes,10855,Juego de manija picaporte de aluminio para puerta - Perno flotante de sección mediana,"$ 5.500,00",
Varios,10706,"Kit de barral de madera liso teñido de 22 mm de diámetro y 1,80 metros de largo","$ 10.300,00",
Electricidad,AR11110.5N6500K,Lampara LED AR111 - Potencia: 10.5W - Temperatura: 6500K (Luz Fría/Día),"$ 7.700,00",
Electricidad,PROMOLED,Lampara LED Verbatim - Rosca E27 - Potencia 9W - Temperatura 2700K (Cálida),"$ 5.000,00",
Electricidad,LAMP15D,Lampara LED formato bulbo A60 Interelec 15 Watts Luz Día (Fría) Rosca E27,"$ 1.600,00",
Electricidad,LAMP9C,Lampara LED formato bulbo A60 Interelec 9 Watts Luz Cálida Rosca E27,"$ 1.100,00",
Electricidad,LAMP9D,Lampara LED formato bulbo A60 Interelec 9 Watts Luz Día (Fría) Rosca E27,"$ 1.100,00",
Electricidad,40200,Lampara perfume 15w. Interlec (heladera),"$ 2.200,00",
Electricidad,40202,Lampara perfume Led 2w. Interlec (heladera),"$ 3.500,00",
Herramientas,10719,Lapiz de carpintero de perfil ovalado Rottweiler,"$ 500,00",
Varios,LINT9,"Linterna tactica LED con zoom telescópico, batería de litio recargable y estuche de protección plástico Rígido","$ 5.500,00",
Electricidad,LISTON1,Liston porta tubo LED de chapa Interelec 1 x 18W (120 cm) - Conexión directa a 220V - Sin tubo,"$ 3.600,00",
Electricidad,LISTON3,Listón porta tubo LED de chapa Interelec 1 x 9W (60 cm) - Conexión directa a 220V - Sin tubo,"$ 2.800,00",
Herramientas,10777,Llana dentada para colocación Santa Juana - Dientes de 8 x 8 mm - Hoja de 30 cm con cabo plástico,"$ 9.000,00",
Herramientas,10773,Llana lisa flexible para yesero y placas de yeso Santa Juana (12 x 30 cm) - Cabo de plástico inyectado ergonómico,"$ 9.500,00",
Herramientas,60332,Llana plástica lisa (Fratacho liso duro) de 14 x 30 cm,"$ 5.000,00",
Herramientas,10782,Llave ajustable (Francesa) Rottweiler de 10 pulgadas (250 mm),"$ 17.000,00",
Herramientas,10780,Llave ajustable (Francesa) Rottweiler de 6 pulgadas (150 mm),"$ 10.000,00",
Herramientas,15511,Llave combinada de boca y ojo Kettler / Rhein - Medida milimétrica 11 mm - Acero Cromo-Vanadio,"$ 3.700,00",
Herramientas,15512,Llave combinada de boca y ojo Kettler / Rhein - Medida milimétrica 12 mm - Acero Cromo-Vanadio,"$ 3.900,00",
Herramientas,15513,Llave combinada de boca y ojo Kettler / Rhein - Medida milimétrica 13 mm - Acero Cromo-Vanadio,"$ 4.300,00",
Herramientas,15515,Llave combinada de boca y ojo Kettler / Rhein - Medida milimétrica 15 mm - Acero Cromo-Vanadio,"$ 5.300,00",
Herramientas,15506,Llave combinada de boca y ojo Kettler / Rhein - Medida milimétrica 6 mm - Acero Cromo-Vanadio,"$ 3.000,00",
Herramientas,15507,Llave combinada de boca y ojo Kettler / Rhein Medida milimétrica 7 mm - Acero Cromo-Vanadio,"$ 3.100,00",
Herramientas,15508,Llave combinada de boca y ojo Kettler / Rhein Medida milimétrica 8 mm - Acero Cromo-Vanadio,"$ 3.200,00",
Herramientas,15509,Llave combinada de boca y ojo Kettler / Rhein Medida milimétrica 9 mm - Acero Cromo-Vanadio,"$ 3.300,00",
Electricidad,40320,Llave de luz de exterior armada de 1 punto de aplicar blanca Taad,"$ 1.800,00",
Electricidad,40324,Llave de luz de exterior armada de 1 punto y 1 tomacorriente de aplicar blanca Taad,"$ 2.500,00",
Plomeria,20342,Llave de paso esferica metalica para agua - Linea Pesada - Diámetro 1 pulgada (DN25) Conexión Rosca Hembra-Hembra (H-H),"$ 13.000,00",
Plomeria,20341,Llave de paso esferica metalica para agua - Linea Pesada - Diámetro 3/4 pulgada (DN20) Conexión Rosca Hembra-Hembra (H-H),"$ 6.400,00",
Plomeria,20340,Llave de paso esferica metálica para agua - Linea Pesada Diámetro 1/2 pulgada (DN15) Conexión Rosca Hembra-Hembra (H-H),"$ 5.100,00",
Plomeria,20336,Llave esférica de PVC para agua Línea Pesada - Diámetro 1 pulgada Conexión Rosca Hembra-Hembra (H-H),"$ 4.100,00",
Plomeria,20334,Llave esférica de PVC para agua - Línea Pesada - Diámetro 1/2 pulgada - Conexión Rosca Hembra-Hembra (H-H),"$ 1.500,00",
Plomeria,20335,Llave esférica de PVC para agua - Línea Pesada - Diámetro 3/4 pulgada - Conexión Rosca Hembra-Hembra (H-H),"$ 2.200,00",
Electricidad,40066,Llave interruptora eléctrica de doble tecla embutible para estufa de cuarzo o vitrocerámica - 10A / 250V,"$ 6.600,00",
Fijaciones y buloneria,40065,Llave interruptora eléctrica de simple tecla (unipolar) embutible para estufa de cuarzo o pantallas calefactoras - 10A / 250V,"$ 5.900,00",
Herramientas,12148,Llave para amoladora angular de dos pivotes (diseño tipo Y) - Espaciado estándar,"$ 5.500,00",
Herramientas,12145,Llave para mandril de taladro - Marca Rottweiler - Tamaño N° 10 (Medida de corona para mandriles de hasta 10 mm),"$ 2.500,00",
Herramientas,12146,Llave para mandril de taladro - Marca Rottweiler - Tamaño N° 13 (Medida de corona para mandriles estándar de hasta 13 mm),"$ 2.800,00",
Herramientas,15590,Llaves Allen hexagonales tipo L - Medidas medianas por 9 piezas en soporte plástico organizador,"$ 4.500,00",
Herramientas,15576,Llaves Torx acodadas tipo L - Medidas medianas por 9 piezas en soporte plástico organizador,"$ 5.700,00",
Plomeria,20351,Lluvia para bidet con malla filtrante de acero inoxidable Conexión Rosca de 1/2 pulgada universal,"$ 9.500,00",
Plomeria,20350,Lluvia para bidet con malla filtrante de acero inoxidable - Conexión Rosca de 3/8 de pulgada,"$ 9.100,00",
Lubricantes y Quimica,10018,Lubricante para caños y conexiones de cloaca Nechi - Envase de 3.850 cc,"$ 5.200,00",
Herramientas,10806,Machete para monte y desmalezado - Largo de hoja de 20 pulgadas (500 mm) - Cabo plástico inyectado,"$ 9.000,00",
Herramientas,MANDKIT,Mandril portabrocas de corona dentada con llave de ajuste - Capacidad 13 mm (1/2) - Presentación en blister cerrado,"$ 10.000,00",
Plomeria,20359,Manga plástica de acople para canilla de jardín - Medida 1/2 pulgada,"$ 650,00",
Plomeria,20650,"Manguera de entrada/carga para lavarropas automáticos - Marca AFA - Longitud 1,20 metros","$ 3.800,00",
Plomeria,20654,"Manguera de entrada/carga para lavarropas automáticos - Marca AFA - Longitud de 2,50 metros","$ 6.500,00",
Plomeria,20660,"Manguera de salida/descarga para lavarropas automáticos - Marca AFA Longitud 1,20 metros","$ 3.000,00",
Plomeria,20662,"Manguera de salida/descarga para lavarropas automáticos - Marca AFA Longitud de 2,50 metros","$ 4.800,00",
Plomeria,20637,"Manguera flexible para duchador manual cromada de 1,5 metros con tuercas cónicas","$ 7.800,00",
Varios,13000,Manguera para riego de jardín tricolor reforzada Marca LG Medida 1/2 pulgada x 15 Mt.,"$ 12.200,00",
Herramientas,11961,Martillo de carpintero Número 20,"$ 5.500,00",
Herramientas,30443,Martillo de cobre macizo para soldador de soplete - Punta o bloque calentador,"$ 4.500,00",
Herramientas,11964,Martillo galponero / techador - Número 27 Cabo de fibra de vidrio de alta resistencia,"$ 12.500,00",
Adhesivos y selladores,10857,Masilla clásica para vidriería y asentamiento de cristales 500 gr.,"$ 3.000,00",
Adhesivos y selladores,POXILINA,Masilla epoxi Poxilina,"$ 10.500,00",
Herramientas,10862,Maza de albañil profesional - Marca El Roble - 1 kg,"$ 17.800,00",
Herramientas,10863,"Maza de albañil profesional - Marca El Roble - 1,5 k","$ 24.500,00",
Herramientas,13010,Mecha (Widia) - Marca ESSAMET - N° 10,"$ 5.000,00",
Herramientas,13012,Mecha (Widia) - Marca ESSAMET - N° 12,"$ 8.200,00",
Herramientas,13004,Mecha (Widia) - Marca ESSAMET - N° 4,"$ 2.000,00",
Herramientas,13005,Mecha (Widia) - Marca ESSAMET - N° 5,"$ 2.100,00",
Herramientas,13006,Mecha (Widia) - Marca ESSAMET - N° 6,"$ 2.700,00",
Herramientas,13008,Mecha (Widia) - Marca ESSAMET - N° 8,"$ 3.500,00",
Herramientas,11891,"Mecha helicoidal de acero rápido (HSS) - Marca ESSAMET - Diámetro 3,00 mm - Vástago cilíndrico simple","$ 1.700,00",
Herramientas,11895,"Mecha helicoidal de acero rápido (HSS) - Marca ESSAMET - Diámetro 4,00 mm - Vástago cilíndrico estándar","$ 2.300,00",
Herramientas,11899,"Mecha helicoidal de acero rápido (HSS) - Marca ESSAMET - Diámetro 5,00 mm - Vástago cilíndrico estándar","$ 3.300,00",
Adhesivos y selladores,10899,Membrana asfáltica autoadhesiva aluminizada - Ancho 15 cm x Largo 5 metros - Alta adherencia,"$ 17.800,00",
Varios,10901,Metro de madera plegable (articulado) - Marca RACORT - 1 metro de longitud total - Acabado estándar,"$ 4.800,00",
Electricidad,40334,Modulo interruptor simple (punto) - Marca TAAD - Línea estándar - 10A 250V~,"$ 1.100,00",
Electricidad,40330,Modulo tapón (ciego) - Marca TAAD - Línea estándar,"$ 200,00",
Electricidad,40331,Modulo toma corriente binorma (10A) - Marca TAAD - Línea estándar,"$ 1.200,00",
Plomeria,21057,Niple polipropileno 1/2 x 10cm,"$ 500,00",
Herramientas,10924,Nivel de mano de plástico de alto impacto - Industria Argentina - Longitud: 35 cm,"$ 13.700,00",
Herramientas,10371,Nivelador de cerámicos y porcelanatos tipo cuña (Arco solo),"$ 6.000,00",
Herramientas,10369,Nivelador de cerámicos y porcelanatos tipo cuña (Cuña sola - Reutilizable),"$ 6.000,00",
Plomeria,20743c,Obturador Flapper con cadenita para mochila Dealer,"$ 4.450,00",
Plomeria,20740,Obturador Flapper con patas tipo Hembra para mochila de inodoro,"$ 1.800,00",
Plomeria,20741,Obturador Flapper con patas tipo Macho para mochila de inodoro,"$ 1.800,00",
Plomeria,20742,Obturador Flapper de PVC (goma flexible) universal para mochila de inodoro,"$ 2.100,00",
Plomeria,20743,Obturador Flapper de PVC con vaso flotador regulable para mochila de inodoro,"$ 4.450,00",
Herramientas,10937,Pala ancha con cabo de madera - Marca ANSA - Línea económica,"$ 13.400,00",
Herramientas,PALAP,Pala pocera con cabo de caño metálico - Marca ANSA - Punta reforzada - Alta resistencia,"$ 25.200,00",
Herramientas,10938,Pala punta corazón con cabo de madera - Marca ANSA - Línea económica,"$ 13.400,00",
Plomeria,20735,Palanca de accionamiento con brazo para mochila de inodoro - Marca Andina - Color: Blanco - Material: Plástico de alta resistencia,"$ 1.950,00",
Gas,30500,Pantalla calefactora para gas (garrafa 10kg) - Doble placa de loza (cerámica) - 3000 kcal/h Alta eficiencia,"$ 64.701,00",
Gas,30501,Pantalla calefactora para gas (garrafa 10kg) - Modelo parabólico - 1500 kcal/h,"$ 32.700,00",
Gas,30502,Pantalla calefactora para gas (garrafa 10kg) - Modelo parabólico - Potencia 3000 kcal/h,"$ 49.900,00",
Gas,30499,Pantalla calefactora para gas (garrafa 10kg) - Placa simple de loza (cerámica),"$ 40.702,00",
Cerrajeria y herrajes,10965,Pasador cerrojo tipo mariposa N° 50,"$ 1.500,00",
Cerrajeria y herrajes,10978,Pasador con coliza zincado - Tamaño: 60 mm (Grande),"$ 2.500,00",
Cerrajeria y herrajes,10971,Pasador con porta candado N° 14,"$ 5.500,00",
Varios,15725,Piedra de afilar combinada (doble faz) - Longitud: 20 cm - Grano doble (basto/fino),"$ 3.100,00",
Electricidad,12550,Pila Makao tamaño AAA (fina/micro),"$ 600,00",
Electricidad,12555E,Pila alcalina/zinc-carbono Energizer tamaño AA (chica común),"$ 1.200,00",
Electricidad,12555,Pila alcalina/zinc-carbono Makao tamaño AA (chica común),"$ 600,00",
Electricidad,62016,Pila botón tipo moneda modelo CR-2016 - Marca Makao,"$ 750,00",
Electricidad,62025,Pila botón tipo moneda modelo CR-2025 - Marca Makao,"$ 750,00",
Electricidad,62032,Pila botón tipo moneda modelo CR-2032 - Marca Makao,"$ 750,00",
Herramientas,11008,Pincel marca Essamet - Medida: 1 ½” (pulgada) - Serie profesional,"$ 2.000,00",
Herramientas,11010,Pincel marca Essamet - Medida: 2 ½” (pulgada) - Serie profesional,"$ 3.200,00",
Herramientas,11013,Pincel marca Essamet - Medida: 3/4 (pulgada) - Serie profesional para pintor,"$ 1.300,00",
Herramientas,11780,Pinceleta Nº 40 (40 mm) - Cerdas naturales negras - Mango ergonómico,"$ 4.300,00",
Herramientas,12111,Pinza de punta larga - Medida: 6 pulgadas (Nº 6) - Marca India,"$ 3.400,00",
Herramientas,10085,Pinza de punta larga con alicate de corte - Medida: 6 pulgadas (150 mm) - Marca Rottweiler,"$ 11.000,00",
Herramientas,13161,Pinza pico de loro (ajustable) - Medida: 10 pulgadas (250 mm) - Marca Rottweiler,"$ 12.000,00",
Electricidad,COCOD,"Pinza tipo cocodrilo para batería - Tamaño 4 (10 cm) - (6 negras, 6 rojas)","$ 4.000,00",
Herramientas,12113,Pinza universal - Medida: 6 pulgadas (Nº 6) - Marca India,"$ 3.400,00",
Herramientas,10080,Pinza universal - Medida: 7 pulgadas (175 mm) - Marca Rottweiler,"$ 11.700,00",
Cerrajeria y herrajes,11025,Pistola aplicadora para silicona/fastix - Modelo: Reforzado,"$ 7.500,00",
Adhesivos y selladores,11021,Pistola encoladora (pistola de calor) - Marca Tacsa - Tamaño: Chica - Con garantía,"$ 10.100,00",
Fijaciones y buloneria,11028,Piton abierto con tope para tarugo - Medida específica para tarugo Nº 5,"$ 150,00",
Fijaciones y buloneria,11029,Piton abierto con tope para tarugo - Medida específica para tarugo Nº 6,"$ 200,00",
Fijaciones y buloneria,11981,"Piton bronceado con tope Medida: 19 mm de largo (rosca) x 2,4 cm (diámetro ojo/ancho)","$ 100,00",
Fijaciones y buloneria,13232,Piton cerrado (ojo) con tope para tarugo - Medida específica para tarugo N° 8,"$ 350,00",
Fijaciones y buloneria,13238,Piton forma L con tope para tarugo - Medida específica para tarugo N° 10,"$ 500,00",
Herramientas,11043,Plomada Peso: 400 gramos,"$ 6.300,00",
Herramientas,11044,Plomada Peso: 500 gramo,"$ 7.600,00",
Cerrajeria y herrajes,11048,Polea cortina enrollar 17 cm para 4 mt (chica),"$ 8.000,00",
Cerrajeria y herrajes,11050,Polea cortina enrollar 23 cm para 6 mt (mediana),"$ 10.500,00",
Cerrajeria y herrajes,12166,"Portacandado empavonado 2,5","$ 800,00",
Electricidad,40121,Portalamparas 2 piezas blanco,"$ 2.000,00",
Electricidad,40126,Portalamparas curvo receptaculo blanco,"$ 1.600,00",
Herramientas,15493,Prensa G blister x 3,"$ 11.500,00",
Electricidad,40138,Prolongador eléctrico / alargador de cable de 5 metros,"$ 8.500,00",
Electricidad,41510,Proyector reflector led Interelec 10W,"$ 5.800,00",
Electricidad,41530,Proyector reflector led Interelec 30W,"$ 9.000,00",
Herramientas,11065,Pulveriz a gatillo 1 lt ST,"$ 1.200,00",
Herramientas,15549,Pulverizador a presion con bomba 2 lt,"$ 8.200,00",
Herramientas,13341,Punta Atornilladora Doble PH2 x 65 mm,"$ 1.000,00",
Herramientas,12945,Punta de acero 25 cm reforzada,"$ 8.600,00",
Herramientas,11070,Rastrillo 12 d sin cabo reforzada Rottweiler super grueso,"$ 6.399,00",
Lubricantes y Quimica,50200,Raticida block x 120 gr,"$ 600,00",
Lubricantes y Quimica,50060,Raticida ultra plus en grano x 50 gr x 30 un,"$ 1.900,00",
Electricidad,41561,Reflector solar 100 leds con sensor,"$ 9.200,00",
Gas,30701,"Regulador de Gas de 10 kg con Manguera de 1,50 metros","$ 15.700,00",
Plomeria,20455,Rejilla ciega de acero 10 x 10 con marco,"$ 4.200,00",
Plomeria,20456,Rejilla ciega de acero 12 x 12 con marco,"$ 4.700,00",
Plomeria,20457,Rejilla ciega de acero 15 x 15 con marco,"$ 5.600,00",
Plomeria,20458,Rejilla ciega de acero 20 x 20 con marco,"$ 6.100,00",
Plomeria,20439,Rejilla de acero 10 x 10 con marco,"$ 4.200,00",
Plomeria,20442,Rejilla de acero 20 x 20 con marco,"$ 6.100,00",
Plomeria,20447,Rejilla de hierro 20 x 20 con marco,"$ 24.601,00",
Plomeria,20623,Rejilla plastica 10 x 10 con marco,"$ 800,00",
Plomeria,20624,Rejilla plastica 15 x 15 con marco,"$ 1.100,00",
Plomeria,20625,Rejilla plastica 20 x 20 con marco super reforzada,"$ 1.600,00",
Herramientas,11104,Remachadora pop tipo Stanley,"$ 7.800,00",
Varios,REP812,Repelente de insectos marca 911,"$ 3.500,00",
Electricidad,40044,Resistencia de Calentamiento Eléctrica 1200 W,"$ 1.400,00",
Materiales de obra,902641,Revoque EXTERIOR fino / grueso mixe x 5kg,"$ 7.500,00",
Materiales de obra,902631,Revoque INTERIOR fino / grueso mixi x 5kg,"$ 6.000,00",
Pintureria,11135,Rodillo con funda 5 cm,"$ 1.600,00",
Pintureria,11149,Rodillo lana natural 22 cm,"$ 12.100,00",
Pintureria,11144,Rodillo lana sintetica 22 cm,"$ 5.400,00",
Plomeria,10257,Rollo de Caño Cristal 9 x 12 mm LG,"$ 1.000,00",
Cerrajeria y herrajes,10312,Rollo de Cinta para Persiana Blanca Pesada por 50 Metros,"$ 1.000,00",
Adhesivos y selladores,10036,Sellaroscas Verde para Polipropileno Gali x 25 cc,"$ 2.200,00",
Herramientas,11969,Serrucho carpintero Santa Juana 50 cm,"$ 23.000,00",
Herramientas,11187,Serrucho de podar Ketler,"$ 8.900,00",
Plomeria,20471,Sifon plastico doble PS,"$ 14.400,00",
Plomeria,20470,Sifon plastico simple PS,"$ 6.200,00",
Adhesivos y selladores,12128,Silicona Gris p/ zingueria x 280 ml,"$ 6.400,00",
Adhesivos y selladores,12125,Silicona neutra transp x 280 ml,"$ 5.600,00",
Adhesivos y selladores,12124,Silicona x 270 ml acetica transp,"$ 3.700,00",
Adhesivos y selladores,12126,Silicona x 280 ml acetica blanca,"$ 3.800,00",
Adhesivos y selladores,12127,Silicona x 280 ml acetica negra,"$ 3.800,00",
Electricidad,20480,Sobretapa plastica agujero 20 mm,"$ 2.500,00",
Lubricantes y Quimica,15574,Soda alcalina perlada x 1/2 kg x un,"$ 1.100,00",
Varios,11198,Soga nautica multifil n 6 x 100 mt,"$ 300,00",
Plomeria,20633,Sopapa plastica Errede 2,"$ 3.800,00",
Plomeria,20632,"Sopapa plastica Errede de 1,5 (38 mm)","$ 3.400,00",
Plomeria,20488,Sopapa plastica americana para bacha,"$ 8.900,00",
Plomeria,20489,Sopapa plastica con codo cuadrada para bañera,"$ 3.800,00",
Gas,31085,Soplete de techista comun Compatible con garrafa de 10 kg - Boquilla estándar,"$ 24.901,00",
Gas,30968,Soplete para Cartucho de Gas Butano con Encendido Automático,"$ 7.700,00",
Plomeria,21011,Tee polipropileno HHH 1/2,"$ 500,00",
Electricidad,40255,Tapa ciega caja cuadrada 5 x 5 p tornillos,"$ 300,00",
Electricidad,40252,Tapa ciega caja octogonal 7 x 7p tornillos,"$ 180,00",
Electricidad,40254,Tapa ciega caja rectang 5 x 10 p tornillos,"$ 200,00",
Plomeria,20513,Tapa con boton corto para deposito tipo Ideal,"$ 4.600,00",
Plomeria,20514,Tapa con boton largo para deposito tipo Ideal,"$ 5.100,00",
Plomeria,20680,Tapa de goma universal para sopapa,"$ 600,00",
Fijaciones y buloneria,11288T,Tarugo N° 10 plastico con tope,"$ 100,00",
Fijaciones y buloneria,11292,Tarugo ladrillo hueco N° 6 plastico,"$ 50,00",
Fijaciones y buloneria,11289T,Tarugo n 12 plastico con tope,"$ 150,00",
Fijaciones y buloneria,11287T,Tarugo n 8 plastico con tope,"$ 50,00",
Fijaciones y buloneria,11293,Tarugo para durlock y yeso N°4 1,"$ 200,00",
Plomeria,11324,Teflon alta densidad 1/2 x 10 mt,"$ 700,00",
Plomeria,11325,Teflon de Alta Densidad 3/4 x 10 metros,"$ 900,00",
Herramientas,10088,Tenaza armador 9 Rottweiler,"$ 14.000,00",
Herramientas,11328,Tenaza de carpintero N° 7 Metz,"$ 17.200,00",
Varios,11804,Tendedero de pie 8 varillas sin alas Sabelcort,"$ 25.000,00",
Herramientas,11354,Terraja Abra-Sol para pvc y ppp x un,"$ 12.100,00",
Herramientas,11357,Terraja para pvc Sanogass hobbista cojinetes acero,"$ 16.100,00",
Herramientas,15481,Tijera Mundial 5,"$ 2.500,00",
Herramientas,11360,Tijera de Podar 8 Tradicional Bahco,"$ 10.500,00",
Pintureria,TINER1.2LT,Tiner x 1/2 Litro,"$ 3.000,00",
Plomeria,11379,Toma de goma de 1/2 completa chupete,"$ 1.300,00",
Electricidad,40321,Tomacorriente de exterior armado de 1 toma de aplicar blanca Taad,"$ 2.000,00",
Fijaciones y buloneria,15424,Tornillo Fix 4 x 45 mm,"$ 50,00",
Fijaciones y buloneria,15301,Tornillo Punta Mecha 8 x 3/4 Zincado,"$ 50,00",
Fijaciones y buloneria,15261,Tornillo Tirafondo Galvanizado 1/4 x 60 mm (2 1/4),"$ 200,00",
Fijaciones y buloneria,15255,Tornillo Tirafondo Galvanizado 3/16 x 65 mm (2 1/2),"$ 150,00",
Fijaciones y buloneria,TORXC,Tornillo cabeza Torx chico,"$ 150,00",
Fijaciones y buloneria,TORXG,Tornillo cabeza Torx grande,"$ 200,00",
Fijaciones y buloneria,15320,Tornillo drywall negro madera 6 x 1,"$ 35,00",
Fijaciones y buloneria,15324,Tornillo drywall negro madera 6 x 2,"$ 50,00",
Fijaciones y buloneria,15327,Tornillo drywall negro madera 8 x 1 1/4,"$ 40,00",
Fijaciones y buloneria,15332,Tornillo drywall negro madera 8 x 2 1/2,"$ 80,00",
Fijaciones y buloneria,15311,Tornillo drywall negro metal 6 x 1,"$ 40,00",
Fijaciones y buloneria,15407,Tornillo fix 3 x 30 mm,"$ 30,00",
Fijaciones y buloneria,15441,Tornillo fix 5 x 50 mm,"$ 60,00",
Plomeria,20527,Tornillo para Inodoro Bronce 22/70 con Cabeza Cromada,"$ 2.000,00",
Plomeria,20547,Tornillo tapa camara con tuerca,"$ 3.500,00",
Plomeria,20725,Tornillos de Plástico Nylon para Mochila de Inodoro,"$ 3.000,00",
Varios,11403,Trampa de madera chica para laucha,"$ 2.700,00",
Varios,11404,Trampa de madera grande para rata,"$ 3.700,00",
Electricidad,60241,Triple Piramidal Multinorma ST de 3 Patas Planas,"$ 4.200,00",
Electricidad,TUBOT8,Tubo LED T8 - Flujo lumínico: 1800 Lúmenes,"$ 3.000,00",
Electricidad,TUBOT8C,Tubo LED T8 - Flujo lumínico: 1800 Lúmenes Calido,"$ 3.000,00",
Electricidad,TUBO18,Tubo de led 18 w 1 punta Interelec,"$ 3.000,00",
Electricidad,TUBO9,Tubo de led 9 w corto 1 punta Interelec,"$ 2.700,00",
Lubricantes y Quimica,50086,VENENO P/ ALACRANES - VERDE X 1 LT (Rinde 2 It),"$ 2.000,00",
Plomeria,20300,Valvula de admision flotante Egoplast universal regulable para mochila de inodoro con boya,"$ 10.100,00",
Plomeria,20278,"Valvula de admision flotante Errede para depósito de embutir o mochila, entrada Hembra Derecha 1/2","$ 8.400,00",
Plomeria,20297,Valvula de admision flotante Monkoto de 1/2 rosca macho con varilla y boya plástica,"$ 7.500,00",
Plomeria,60256,Valvula de flotante para tanque de reserva Felma de 1/2 con varilla y boya plástica,"$ 7.200,00",
Plomeria,20568,Valvulita de bronce para cabezal de canilla Medida universal de 1/2 pulgada - Con obturador de goma (cueritos),"$ 650,00",
Plomeria,20230,Vastago o Cabezal de compresión Valforte tipo F.V. corto con estría fina,"$ 8.300,00",
Plomeria,20231,Vastago o Cabezal de compresión Valforte tipo F.V. largo con estría fina,"$ 9.300,00",
Electricidad,40054,Vela completa estufa cuarzo corta,"$ 6.500,00",
Herramientas,40052,Vela completa estufa cuarzo horizontal,"$ 4.100,00",
Electricidad,40053,Vela completa estufa cuarzo vertical,"$ 4.100,00",
Electricidad,40056,Vela halogena 400 wts completa 18 cm,"$ 4.500,00",
Electricidad,40091,Vela halogena 400 wts completa 20 cm,"$ 4.500,00",
Electricidad,40058,Vela halogena 400 wts completa 24 cm,"$ 4.500,00",
Plomeria,11437,Ventosa de goma (Sopapa) chica,"$ 2.200,00",
Plomeria,11438,Ventosa de goma (Sopapa) grande,"$ 4.100,00",
Pintureria,11455,Viruta mediana x 250 gr Hacendosa x 10 un,"$ 4.800,00",
Plomeria,20578,Volante Allegro crom FV 1,"$ 3.000,00",
Plomeria,20579,Volante azabache FV 2,"$ 1.500,00",
Plomeria,20610,Volante cruz cromado FV 6,"$ 3.300,00",
Electricidad,40157b,"Zapatilla Indelplas 4 tomas 1,5 mt","$ 22.000,00",
Herramientas,11475,Zaranda armada de albañil tejido fino,"$ 5.500,00",
Gas,60005,"Zingueria caño compacto de 3 0,80","$ 18.800,00",
Gas,60002,Zingueria caño de chapa 3 x 1 mt,"$ 6.600,00",
Gas,60019,Zingueria curva articulada de 4,"$ 4.600,00",
Gas,60028,Zingueria sombrero aireador,"$ 18.700,00",
Gas,60032,Zingueria sombrero comun 4 doble aro,"$ 9.000,00",
